"tf","fam","target","dna_binding.conservation","dna_binding.dapSeq","coDiffExp_0PF","coDiffExp_P0F","coDiffExp_0P0F","coDiffExp","p.rf","rank","mode_of_regulation"
"AT5G54230","MYB","AT5G43690",0,1,1,0,0,1,0.943425583043611,2.94342558304361,"activation"
"AT1G77200","AP2/ERF-ERF","AT2G26290",1,1,1,0,0,1,0.917981773727495,2.9179817737275,"repression"
"AT1G77200","AP2/ERF-ERF","AT1G24706",0,1,1,0,0,1,0.912412401917407,2.91241240191741,"activation"
"AT1G77200","AP2/ERF-ERF","AT3G03640",0,1,1,0,0,1,0.886029180488746,2.88602918048875,"repression"
"AT5G54230","MYB","AT5G24890",0,1,1,0,0,1,0.885844653109496,2.8858446531095,"activation"
"AT3G16280","AP2/ERF-ERF","AT5G13970",0,1,1,1,0,1,0.834923484044672,2.83492348404467,"activation"
"AT3G16280","AP2/ERF-ERF","AT3G03640",0,1,1,1,0,1,0.826477162639916,2.82647716263992,"activation"
"AT3G16280","AP2/ERF-ERF","AT1G15580",0,1,1,1,0,1,0.825684533669956,2.82568453366996,"repression"
"AT1G77200","AP2/ERF-ERF","AT3G16280",0,1,1,0,0,1,0.817099816730762,2.81709981673076,"repression"
"AT1G77200","AP2/ERF-ERF","AT5G58530",0,1,1,0,0,1,0.816579785025603,2.8165797850256,"activation"
"AT1G77200","AP2/ERF-ERF","AT4G17430",0,1,1,0,0,1,0.760948973985833,2.76094897398583,"activation"
"AT1G77200","AP2/ERF-ERF","AT4G34710",0,1,1,0,0,1,0.756159649733484,2.75615964973348,"repression"
"AT1G77200","AP2/ERF-ERF","AT2G25940",0,1,1,0,0,1,0.750695123025243,2.75069512302524,"repression"
"AT5G54230","MYB","AT5G10020",0,1,1,0,0,1,0.708027360377778,2.70802736037778,"repression"
"AT1G77200","AP2/ERF-ERF","AT5G19110",0,1,1,0,0,1,0.702122484241781,2.70212248424178,"activation"
"AT5G54230","MYB","AT1G27050",0,1,1,0,0,1,0.700952412905174,2.70095241290517,"repression"
"AT5G54230","MYB","AT1G05670",0,1,1,0,0,1,0.699643946034129,2.69964394603413,"activation"
"AT1G77200","AP2/ERF-ERF","AT4G01140",1,1,1,0,0,1,0.697681245727562,2.69768124572756,"repression"
"AT3G16280","AP2/ERF-ERF","AT3G30180",0,1,1,1,0,1,0.687964201688426,2.68796420168843,"activation"
"AT3G16280","AP2/ERF-ERF","AT3G59710",0,1,1,1,0,1,0.687150603698096,2.6871506036981,"activation"
"AT5G54230","MYB","AT5G58530",0,1,1,0,0,1,0.673092972442513,2.67309297244251,"repression"
"AT1G77200","AP2/ERF-ERF","AT5G65640",0,1,1,0,0,1,0.666034800186205,2.66603480018621,"activation"
"AT1G77200","AP2/ERF-ERF","AT1G27050",0,1,1,0,0,1,0.65161650178027,2.65161650178027,"activation"
"AT1G77200","AP2/ERF-ERF","AT5G07560",0,1,1,0,0,1,0.650786128573645,2.65078612857365,"repression"
"AT5G54230","MYB","AT2G31670",0,1,1,0,0,1,0.609007452389839,2.60900745238984,"activation"
"AT3G16280","AP2/ERF-ERF","AT2G03360",0,1,1,1,0,1,0.606939906981426,2.60693990698143,"activation"
"AT1G77200","AP2/ERF-ERF","AT5G25460",0,1,1,0,0,1,0.523411911242331,2.52341191124233,"repression"
"AT1G77200","AP2/ERF-ERF","AT1G15580",0,1,1,0,0,1,0.492121939047252,2.49212193904725,"repression"
"AT1G77200","AP2/ERF-ERF","AT5G43690",0,1,1,0,0,1,0.478487882003129,2.47848788200313,"repression"
"AT1G77200","AP2/ERF-ERF","AT2G24850",0,1,1,0,0,1,0.45209627296632,2.45209627296632,"repression"
"AT3G16280","AP2/ERF-ERF","AT4G29690",0,1,1,1,0,1,0.430179452876321,2.43017945287632,"repression"
"AT1G77200","AP2/ERF-ERF","AT5G13970",0,1,1,0,0,1,0.429869111374855,2.42986911137485,"activation"
"AT3G16280","AP2/ERF-ERF","AT3G15060",0,1,1,1,0,1,0.427684139452373,2.42768413945237,"repression"
"AT3G16280","AP2/ERF-ERF","AT1G62260",0,1,1,1,0,1,0.42419489446292,2.42419489446292,"activation"
"AT1G77200","AP2/ERF-ERF","AT5G50260",0,1,1,0,0,1,0.408375865496316,2.40837586549632,"repression"
"AT5G54230","MYB","AT1G62260",0,1,1,0,0,1,0.401749655059615,2.40174965505962,"activation"
"AT5G54230","MYB","AT4G17430",0,1,1,0,0,1,0.374481540971369,2.37448154097137,"activation"
"AT5G54230","MYB","AT1G77200",0,1,1,0,0,1,0.367154965254333,2.36715496525433,"repression"
"AT1G77200","AP2/ERF-ERF","AT4G37130",0,1,1,0,0,1,0.366488150406589,2.36648815040659,"activation"
"AT1G77200","AP2/ERF-ERF","AT1G62260",0,1,1,0,0,1,0.336649234421066,2.33664923442107,"repression"
"AT3G16280","AP2/ERF-ERF","AT5G65640",0,1,1,1,0,1,0.3272257566671,2.3272257566671,"activation"
"AT3G16280","AP2/ERF-ERF","AT5G43690",0,1,1,1,0,1,0.325082722785357,2.32508272278536,"activation"
"AT1G77200","AP2/ERF-ERF","AT1G32970",0,1,1,0,0,1,0.324277512403176,2.32427751240318,"repression"
"AT5G54230","MYB","AT2G26290",0,1,1,0,0,1,0.308177498563622,2.30817749856362,"activation"
"AT5G54230","MYB","AT4G16970",0,1,1,0,0,1,0.305875100127072,2.30587510012707,"repression"
"AT1G77200","AP2/ERF-ERF","AT4G29690",0,1,1,0,0,1,0.280615818190206,2.28061581819021,"activation"
"AT1G77200","AP2/ERF-ERF","AT5G13220",0,1,1,0,0,1,0.277873070325901,2.2778730703259,"repression"
"AT5G54230","MYB","AT5G05340",0,1,1,0,0,1,0.275818106329708,2.27581810632971,"activation"
"AT1G77200","AP2/ERF-ERF","AT3G15060",0,1,1,0,0,1,0.271817217243245,2.27181721724324,"activation"
"AT1G77200","AP2/ERF-ERF","AT2G31670",0,1,1,0,0,1,0.270097757572962,2.27009775757296,"activation"
"AT1G77200","AP2/ERF-ERF","AT3G59710",0,1,1,0,0,1,0.249833296288064,2.24983329628806,"repression"
"AT1G77200","AP2/ERF-ERF","AT1G63170",0,1,1,0,0,1,0.238069675860883,2.23806967586088,"repression"
"AT5G54230","MYB","AT5G47310",0,1,1,0,0,1,0.219390472515905,2.21939047251591,"activation"
"AT3G16280","AP2/ERF-ERF","AT5G13220",0,1,1,1,0,1,0.206477749772486,2.20647774977249,"repression"
"AT1G77200","AP2/ERF-ERF","AT1G62570",0,1,1,0,0,1,0.201436797275705,2.20143679727571,"repression"
"AT5G54230","MYB","AT5G13220",0,1,1,0,0,1,0.198299831828457,2.19829983182846,"activation"
"AT1G77200","AP2/ERF-ERF","AT5G05340",0,1,1,0,0,1,0.197914001853661,2.19791400185366,"repression"
"AT3G16280","AP2/ERF-ERF","AT1G32970",0,1,1,1,0,1,0.186167156642776,2.18616715664278,"activation"
"AT5G54230","MYB","AT5G07070",0,1,1,0,0,1,0.148368400525064,2.14836840052506,"activation"
"AT1G77200","AP2/ERF-ERF","AT2G03360",0,1,1,0,0,1,0.142358679287221,2.14235867928722,"repression"
"AT3G16280","AP2/ERF-ERF","AT2G26290",0,1,1,1,0,1,0.135531166254975,2.13553116625497,"activation"
"AT1G77200","AP2/ERF-ERF","AT3G30180",0,1,1,0,0,1,0.119410183395052,2.11941018339505,"repression"
"AT3G16280","AP2/ERF-ERF","AT5G19110",0,1,1,1,0,1,0.118399476613252,2.11839947661325,"repression"
"AT5G54230","MYB","AT3G03110",0,1,1,0,0,1,0.114100827437544,2.11410082743754,"repression"
"AT5G54230","MYB","AT1G32970",0,1,1,0,0,1,0.102542703409982,2.10254270340998,"activation"
"AT3G16280","AP2/ERF-ERF","AT4G01140",0,1,1,1,0,1,0.0895544921932337,2.08955449219323,"activation"
"AT3G16280","AP2/ERF-ERF","AT1G62570",0,1,1,1,0,1,0.0424916228763625,2.04249162287636,"activation"
"AT4G17490","AP2/ERF-ERF","AT5G57560",0,0,0,0,1,1,0.998792184426728,1.99879218442673,"activation"
"AT4G17490","AP2/ERF-ERF","AT1G73740",0,0,0,0,1,1,0.998632819871921,1.99863281987192,"activation"
"AT4G17900","PLATZ","AT3G56170",0,0,0,0,1,1,0.998565719006739,1.99856571900674,"activation"
"AT1G77200","AP2/ERF-ERF","AT3G19430",0,1,0,0,0,0,0.996821096512013,1.99682109651201,"activation"
"AT4G17900","PLATZ","AT2G26290",0,0,0,0,1,1,0.995680381803923,1.99568038180392,"activation"
"AT4G17900","PLATZ","AT4G36430",0,0,0,0,1,1,0.995349071282088,1.99534907128209,"activation"
"AT5G54230","MYB","AT2G43390",0,1,0,0,0,0,0.995017760760253,1.99501776076025,"activation"
"AT3G16280","AP2/ERF-ERF","AT1G68340",0,1,0,0,0,0,0.994543860899906,1.99454386089991,"activation"
"AT3G16280","AP2/ERF-ERF","AT4G36800",0,1,0,0,0,0,0.994388690149174,1.99438869014917,"activation"
"AT4G17900","PLATZ","AT5G25460",0,0,0,0,1,1,0.994342558304361,1.99434255830436,"activation"
"AT1G77200","AP2/ERF-ERF","AT1G04010",0,1,0,0,0,0,0.994216744182145,1.99421674418215,"activation"
"AT1G77200","AP2/ERF-ERF","AT2G23630",0,1,0,0,0,0,0.994191581357702,1.9941915813577,"activation"
"AT1G77200","AP2/ERF-ERF","AT1G73430",0,1,0,0,0,0,0.993814138991055,1.99381413899105,"activation"
"AT5G54230","MYB","AT4G27990",0,1,0,0,0,0,0.993684131064765,1.99368413106476,"activation"
"AT3G16280","AP2/ERF-ERF","AT1G34270",0,1,0,0,0,0,0.99351637890181,1.99351637890181,"activation"
"AT4G17900","PLATZ","AT5G63600",0,0,0,0,1,1,0.993176680771828,1.99317668077183,"activation"
"AT1G77200","AP2/ERF-ERF","AT3G13175",0,1,0,0,0,0,0.993138936535163,1.99313893653516,"activation"
"AT1G77200","AP2/ERF-ERF","AT3G15095",0,1,0,0,0,0,0.993004734804799,1.9930047348048,"activation"
"AT1G77200","AP2/ERF-ERF","AT5G63650",0,1,0,0,0,0,0.992954409155913,1.99295440915591,"activation"
"AT4G17900","PLATZ","AT1G27290",0,0,0,0,1,1,0.99261471102593,1.99261471102593,"activation"
"AT5G54230","MYB","AT1G23390",0,1,0,0,0,0,0.99237566419372,1.99237566419372,"activation"
"AT4G17900","PLATZ","AT4G37130",0,0,0,0,1,1,0.992367276585572,1.99236727658557,"repression"
"AT3G16280","AP2/ERF-ERF","AT1G62310",0,1,0,0,0,0,0.992010803239294,1.99201080323929,"activation"
"AT5G54230","MYB","AT5G58540",0,1,0,0,0,0,0.991947896178186,1.99194789617819,"activation"
"AT1G77200","AP2/ERF-ERF","AT4G37160",0,1,0,0,0,0,0.991889182921152,1.99188918292115,"activation"
"AT3G16280","AP2/ERF-ERF","AT5G43990",0,1,0,0,0,0,0.991813694447823,1.99181369444782,"activation"
"AT4G17490","AP2/ERF-ERF","AT2G31670",0,0,0,0,1,1,0.991675298913385,1.99167529891339,"repression"
"AT5G54230","MYB","AT2G28470",0,1,0,0,0,0,0.99105042210638,1.99105042210638,"activation"
"AT1G77200","AP2/ERF-ERF","AT5G66985",0,1,0,0,0,0,0.990266180744568,1.99026618074457,"repression"
"AT1G77200","AP2/ERF-ERF","AT1G01110",0,1,0,0,0,0,0.990190692271238,1.99019069227124,"activation"
"AT3G16280","AP2/ERF-ERF","AT3G20970",0,1,0,0,0,0,0.990115203797909,1.99011520379791,"repression"
"AT4G17900","PLATZ","AT4G00700",0,0,0,0,1,1,0.99009423477754,1.99009423477754,"activation"
"AT1G77200","AP2/ERF-ERF","AT3G08680",0,1,0,0,0,0,0.989934870222733,1.98993487022273,"activation"
"AT3G16280","AP2/ERF-ERF","AT4G25700",0,1,0,0,0,0,0.989666466762006,1.98966646676201,"activation"
"AT1G15580","AUX/IAA","AT3G21160",0,0,1,0,0,1,0.989574203072381,1.98957420307238,"repression"
"AT3G16280","AP2/ERF-ERF","AT3G04460",0,1,0,0,0,0,0.98943161373387,1.98943161373387,"activation"
"AT5G54230","MYB","AT5G39410",0,1,0,0,0,0,0.988982876697966,1.98898287669797,"activation"
"AT3G16280","AP2/ERF-ERF","AT1G51500",0,1,0,0,0,0,0.988894806812415,1.98889480681242,"activation"
"AT1G77200","AP2/ERF-ERF","AT5G40150",0,1,0,0,0,0,0.988865450183898,1.9888654501839,"activation"
"AT3G16280","AP2/ERF-ERF","AT1G75900",0,1,0,0,0,0,0.988731248453535,1.98873124845353,"activation"
"AT3G16280","AP2/ERF-ERF","AT1G15060",0,1,0,0,0,0,0.988706085629092,1.98870608562909,"activation"
"AT3G16280","AP2/ERF-ERF","AT1G12940",0,1,0,0,0,0,0.988416713147995,1.988416713148,"activation"
"AT5G54230","MYB","AT1G73390",0,1,0,0,0,0,0.988337030870592,1.98833703087059,"activation"
"AT1G77200","AP2/ERF-ERF","AT2G43590",0,1,0,0,0,0,0.988278317613558,1.98827831761356,"repression"
"AT5G54230","MYB","AT1G76880",0,1,0,0,0,0,0.988190247728007,1.98819024772801,"repression"
"AT1G77200","AP2/ERF-ERF","AT3G20050",0,1,0,0,0,0,0.987905069050984,1.98790506905098,"activation"
"AT3G16280","AP2/ERF-ERF","AT5G38560",0,1,0,0,0,0,0.987884100030615,1.98788410003061,"activation"
"AT3G16280","AP2/ERF-ERF","AT4G37170",0,1,0,0,0,0,0.987796030145064,1.98779603014506,"repression"
"AT3G16280","AP2/ERF-ERF","AT1G18670",0,1,0,0,0,0,0.987510851468041,1.98751085146804,"activation"
"AT3G16280","AP2/ERF-ERF","AT1G16530",0,1,0,0,0,0,0.98710824627695,1.98710824627695,"activation"
"AT1G77200","AP2/ERF-ERF","AT5G26790",0,1,0,0,0,0,0.986860811836593,1.98686081183659,"activation"
"AT3G16280","AP2/ERF-ERF","AT4G26890",0,1,0,0,0,0,0.986617571200309,1.98661757120031,"activation"
"AT5G07700","MYB","AT5G13220",0,0,0,0,1,1,0.986269485462178,1.98626948546218,"activation"
"AT3G16280","AP2/ERF-ERF","AT4G33450",0,1,0,0,0,0,0.986114314711445,1.98611431471145,"activation"
"AT5G54230","MYB","AT5G11060",0,1,0,0,0,0,0.985908818311826,1.98590881831183,"activation"
"AT3G16280","AP2/ERF-ERF","AT2G15090",0,1,0,0,0,0,0.985904624507752,1.98590462450775,"activation"
"AT3G16280","AP2/ERF-ERF","AT4G23900",0,1,0,0,0,0,0.985900430703678,1.98590043070368,"activation"
"AT3G16280","AP2/ERF-ERF","AT2G28940",0,1,0,0,0,0,0.985862686467014,1.98586268646701,"repression"
"AT4G17900","PLATZ","AT3G03110",0,0,0,0,1,1,0.985850105054792,1.98585010505479,"repression"
"AT5G54230","MYB","AT3G63200",0,1,0,0,0,0,0.985711709520355,1.98571170952035,"activation"
"AT4G17900","PLATZ","AT3G29350",0,0,0,0,1,1,0.985694934304059,1.98569493430406,"activation"
"AT5G54230","MYB","AT1G07040",0,1,0,0,0,0,0.985468468884071,1.98546846888407,"activation"
"AT5G54230","MYB","AT1G05450",0,1,0,0,0,0,0.985321685741485,1.98532168574149,"activation"
"AT5G54230","MYB","AT4G26480",0,1,0,0,0,0,0.98506586369298,1.98506586369298,"repression"
"AT4G17900","PLATZ","AT5G19110",0,0,0,0,1,1,0.985015538044094,1.98501553804409,"repression"
"AT3G16280","AP2/ERF-ERF","AT1G59750",0,1,0,0,0,0,0.984814235448548,1.98481423544855,"repression"
"AT5G54230","MYB","AT3G56080",0,1,0,0,0,0,0.984780685015957,1.98478068501596,"activation"
"AT3G16280","AP2/ERF-ERF","AT4G32810",0,1,0,0,0,0,0.98451228155523,1.98451228155523,"activation"
"AT5G54230","MYB","AT5G47990",0,1,0,0,0,0,0.984310978959685,1.98431097895969,"activation"
"AT5G07700","MYB","AT1G32970",0,0,0,0,1,1,0.984180971033395,1.9841809710334,"activation"
"AT5G54230","MYB","AT3G45600",0,1,0,0,0,0,0.984105482560066,1.98410548256007,"activation"
"AT1G77200","AP2/ERF-ERF","AT1G15690",0,1,0,0,0,0,0.983753203017861,1.98375320301786,"activation"
"AT1G77200","AP2/ERF-ERF","AT3G60900",0,1,0,0,0,0,0.983547706618242,1.98354770661824,"activation"
"AT3G16280","AP2/ERF-ERF","AT2G19500",0,1,0,0,0,0,0.983509962381578,1.98350996238158,"activation"
"AT3G16280","AP2/ERF-ERF","AT4G29020",0,1,0,0,0,0,0.983442861516396,1.9834428615164,"activation"
"AT4G17900","PLATZ","AT4G17430",0,0,0,0,1,1,0.983195427076038,1.98319542707604,"repression"
"AT1G77200","AP2/ERF-ERF","AT5G45920",0,1,0,0,0,0,0.983182845663816,1.98318284566382,"activation"
"AT3G16280","AP2/ERF-ERF","AT2G37650",0,1,0,0,0,0,0.983178651859742,1.98317865185974,"activation"
"AT5G54230","MYB","AT1G32070",0,1,0,0,0,0,0.983166070447521,1.98316607044752,"activation"
"AT1G77200","AP2/ERF-ERF","AT1G68560",0,1,0,0,0,0,0.983069612953822,1.98306961295382,"activation"
"AT1G77200","AP2/ERF-ERF","AT4G11780",0,1,0,0,0,0,0.982859922750129,1.98285992275013,"activation"
"AT3G16280","AP2/ERF-ERF","AT1G11730",0,1,0,0,0,0,0.982696364391248,1.98269636439125,"activation"
"AT1G77200","AP2/ERF-ERF","AT3G48920",0,1,0,0,0,0,0.982507643207925,1.98250764320792,"repression"
"AT1G77200","AP2/ERF-ERF","AT2G35270",0,1,0,0,0,0,0.982440542342743,1.98244054234274,"repression"
"AT1G77200","AP2/ERF-ERF","AT2G18210",0,1,0,0,0,0,0.98233989104497,1.98233989104497,"repression"
"AT3G16280","AP2/ERF-ERF","AT4G37295",0,1,0,0,0,0,0.982251821159419,1.98225182115942,"repression"
"AT3G16280","AP2/ERF-ERF","AT2G42660",0,1,0,0,0,0,0.982243433551271,1.98224343355127,"activation"
"AT5G54230","MYB","AT4G39090",0,1,0,0,0,0,0.982159557469794,1.98215955746979,"activation"
"AT5G61430","NAC","AT3G16280",0,0,0,1,0,1,0.982008580523135,1.98200858052314,"activation"
"AT4G17900","PLATZ","AT4G16970",0,0,0,0,1,1,0.981819859339811,1.98181985933981,"repression"
"AT4G17490","AP2/ERF-ERF","AT5G58530",0,0,0,0,1,1,0.981815665535738,1.98181566553574,"repression"
"AT5G54230","MYB","AT1G58340",0,1,0,0,0,0,0.98173178945426,1.98173178945426,"activation"
"AT1G77200","AP2/ERF-ERF","AT2G37700",0,1,0,0,0,0,0.981543068270937,1.98154306827094,"activation"
"AT1G77200","AP2/ERF-ERF","AT2G22840",0,1,0,0,0,0,0.981362734695761,1.98136273469576,"activation"
"AT3G16280","AP2/ERF-ERF","AT1G21540",0,1,0,0,0,0,0.98125369578984,1.98125369578984,"repression"
"AT5G54230","MYB","AT3G04370",0,1,0,0,0,0,0.981211757749102,1.9812117577491,"activation"
"AT4G17900","PLATZ","AT4G29690",0,0,0,0,1,1,0.981194982532806,1.98119498253281,"repression"
"AT3G16280","AP2/ERF-ERF","AT3G46540",0,1,0,0,0,0,0.981048199390221,1.98104819939022,"repression"
"AT4G17900","PLATZ","AT5G10020",0,0,0,0,1,1,0.980926579072079,1.98092657907208,"repression"
"AT1G77200","AP2/ERF-ERF","AT4G39680",0,1,0,0,0,0,0.980880447227266,1.98088044722727,"activation"
"AT3G16280","AP2/ERF-ERF","AT5G24280",0,1,0,0,0,0,0.980796571145789,1.98079657114579,"activation"
"AT3G16280","AP2/ERF-ERF","AT4G10130",0,1,0,0,0,0,0.980746245496903,1.9807462454969,"repression"
"AT1G77200","AP2/ERF-ERF","AT5G16850",0,1,0,0,0,0,0.980549136705431,1.98054913670543,"activation"
"AT1G77200","AP2/ERF-ERF","AT3G18000",0,1,0,0,0,0,0.980532361489136,1.98053236148914,"activation"
"AT5G54230","MYB","AT2G04550",0,1,0,0,0,0,0.980511392468767,1.98051139246877,"activation"
"AT5G54230","MYB","AT4G13100",0,1,0,0,0,0,0.980427516387289,1.98042751638729,"activation"
"AT3G16280","AP2/ERF-ERF","AT3G25260",0,1,0,0,0,0,0.980268151832483,1.98026815183248,"activation"
"AT1G77200","AP2/ERF-ERF","AT2G34020",0,1,0,0,0,0,0.980238795203966,1.98023879520397,"activation"
"AT1G77200","AP2/ERF-ERF","AT1G74960",0,1,0,0,0,0,0.980205244771375,1.98020524477137,"activation"
"AT5G54230","MYB","AT4G02340",0,1,0,0,0,0,0.980054267824716,1.98005426782472,"activation"
"AT1G77200","AP2/ERF-ERF","AT5G20980",0,1,0,0,0,0,0.980029105000273,1.98002910500027,"activation"
"AT1G77200","AP2/ERF-ERF","AT4G38680",0,1,0,0,0,0,0.980012329783977,1.98001232978398,"activation"
"AT3G16280","AP2/ERF-ERF","AT3G22420",0,1,0,0,0,0,0.979857159033244,1.97985715903324,"repression"
"AT5G54230","MYB","AT4G31500",0,1,0,0,0,0,0.979790058168063,1.97979005816806,"activation"
"AT5G54230","MYB","AT5G37180",0,1,0,0,0,0,0.979777476755841,1.97977747675584,"activation"
"AT5G54230","MYB","AT2G25790",0,1,0,0,0,0,0.979567786552148,1.97956778655215,"activation"
"AT5G54230","MYB","AT3G01100",0,1,0,0,0,0,0.979488104274745,1.97948810427474,"activation"
"AT5G54230","MYB","AT3G18400",0,1,0,0,0,0,0.979387452976972,1.97938745297697,"activation"
"AT1G77200","AP2/ERF-ERF","AT3G22780",0,1,0,0,0,0,0.979274220266978,1.97927422026698,"activation"
"AT1G77200","AP2/ERF-ERF","AT3G28450",0,1,0,0,0,0,0.979270026462904,1.9792700264629,"repression"
"AT5G54230","MYB","AT1G49450",0,1,0,0,0,0,0.979240669834387,1.97924066983439,"activation"
"AT3G16280","AP2/ERF-ERF","AT5G07420",0,1,0,0,0,0,0.979119049516245,1.97911904951624,"repression"
"AT5G54230","MYB","AT1G18860",0,1,0,0,0,0,0.979089692887728,1.97908969288773,"activation"
"AT3G16280","AP2/ERF-ERF","AT5G13630",0,1,0,0,0,0,0.978682893892563,1.97868289389256,"repression"
"AT3G16280","AP2/ERF-ERF","AT1G51700",0,1,0,0,0,0,0.978661924872194,1.97866192487219,"activation"
"AT5G54230","MYB","AT1G11840",0,1,0,0,0,0,0.978540304554052,1.97854030455405,"activation"
"AT5G07700","MYB","AT1G62570",0,0,0,0,1,1,0.97836416478295,1.97836416478295,"activation"
"AT4G17900","PLATZ","AT3G21160",0,0,0,0,1,1,0.978188025011848,1.97818802501185,"repression"
"AT4G17900","PLATZ","AT4G01140",0,0,0,0,1,1,0.978020272848893,1.97802027284889,"activation"
"AT3G16280","AP2/ERF-ERF","AT4G21760",0,1,0,0,0,0,0.977877683510382,1.97787768351038,"activation"
"AT5G54230","MYB","AT3G28050",0,1,0,0,0,0,0.977802195037052,1.97780219503705,"activation"
"AT3G16280","AP2/ERF-ERF","AT1G09800",0,1,0,0,0,0,0.977688962327058,1.97768896232706,"repression"
"AT1G77200","AP2/ERF-ERF","AT1G63050",0,1,0,0,0,0,0.977567342008916,1.97756734200892,"activation"
"AT1G77200","AP2/ERF-ERF","AT2G23350",0,1,0,0,0,0,0.977546372988547,1.97754637298855,"activation"
"AT3G16280","AP2/ERF-ERF","AT2G47240",0,1,0,0,0,0,0.97731151996041,1.97731151996041,"repression"
"AT1G77200","AP2/ERF-ERF","AT5G41400",0,1,0,0,0,0,0.977290550940041,1.97729055094004,"repression"
"AT5G54230","MYB","AT1G65720",0,1,0,0,0,0,0.977210868662638,1.97721086866264,"activation"
"AT5G54230","MYB","AT2G01890",0,1,0,0,0,0,0.97714796160153,1.97714796160153,"activation"
"AT5G54230","MYB","AT2G44130",0,1,0,0,0,0,0.977143767797456,1.97714376779746,"activation"
"AT1G77200","AP2/ERF-ERF","AT5G11970",0,1,0,0,0,0,0.977022147479314,1.97702214747931,"repression"
"AT3G16280","AP2/ERF-ERF","AT1G65130",0,1,0,0,0,0,0.976976015634502,1.9769760156345,"activation"
"AT5G54230","MYB","AT1G23120",0,1,0,0,0,0,0.976967628026354,1.97696762802635,"activation"
"AT1G77200","AP2/ERF-ERF","AT5G35360",0,1,0,0,0,0,0.976929883789689,1.97692988378969,"activation"
"AT1G77200","AP2/ERF-ERF","AT5G01020",0,1,0,0,0,0,0.976904720965246,1.97690472096525,"activation"
"AT1G77200","AP2/ERF-ERF","AT2G43710",0,1,0,0,0,0,0.976883751944877,1.97688375194488,"activation"
"AT5G54230","MYB","AT2G35750",0,1,0,0,0,0,0.97683342629599,1.97683342629599,"repression"
"AT5G54230","MYB","AT2G34510",0,1,0,0,0,0,0.976762131626735,1.97676213162673,"activation"
"AT5G54230","MYB","AT1G19000",0,1,0,0,0,0,0.976657286524888,1.97665728652489,"activation"
"AT5G54230","MYB","AT1G04220",0,1,0,0,0,0,0.97653986001082,1.97653986001082,"activation"
"AT1G77200","AP2/ERF-ERF","AT2G23170",0,1,0,0,0,0,0.976489534361934,1.97648953436193,"repression"
"AT4G17900","PLATZ","AT5G13970",0,0,0,0,1,1,0.976221130901207,1.97622113090121,"repression"
"AT1G77200","AP2/ERF-ERF","AT1G24610",0,1,0,0,0,0,0.976086929170843,1.97608692917084,"activation"
"AT4G17490","AP2/ERF-ERF","AT5G10020",0,0,0,0,1,1,0.975969502656775,1.97596950265677,"repression"
"AT5G54230","MYB","AT1G30750",0,1,0,0,0,0,0.975885626575298,1.9758856265753,"activation"
"AT5G54230","MYB","AT1G80920",0,1,0,0,0,0,0.975810138101968,1.97581013810197,"activation"
"AT5G54230","MYB","AT5G20860",0,1,0,0,0,0,0.97574723104086,1.97574723104086,"activation"
"AT1G77200","AP2/ERF-ERF","AT2G33790",0,1,0,0,0,0,0.975642385939014,1.97564238593901,"activation"
"AT3G16280","AP2/ERF-ERF","AT3G03580",0,1,0,0,0,0,0.975608835506423,1.97560883550642,"activation"
"AT1G77200","AP2/ERF-ERF","AT1G22880",0,1,0,0,0,0,0.975587866486054,1.97558786648605,"activation"
"AT1G77200","AP2/ERF-ERF","AT5G19690",0,1,0,0,0,0,0.975579478877906,1.97557947887791,"activation"
"AT5G54230","MYB","AT1G03700",0,1,0,0,0,0,0.975533347033093,1.97553334703309,"activation"
"AT1G77200","AP2/ERF-ERF","AT4G29540",0,1,0,0,0,0,0.975487215188281,1.97548721518828,"activation"
"AT1G77200","AP2/ERF-ERF","AT4G24790",0,1,0,0,0,0,0.975403339106804,1.9754033391068,"activation"
"AT5G54230","MYB","AT3G06390",0,1,0,0,0,0,0.975336238241622,1.97533623824162,"activation"
"AT4G17490","AP2/ERF-ERF","AT5G43690",0,0,0,0,1,1,0.975130741842003,1.975130741842,"repression"
"AT5G54230","MYB","AT3G16520",0,1,0,0,0,0,0.975109772821633,1.97510977282163,"activation"
"AT1G77200","AP2/ERF-ERF","AT5G42920",0,1,0,0,0,0,0.974807818928315,1.97480781892832,"activation"
"AT1G77200","AP2/ERF-ERF","AT2G05790",0,1,0,0,0,0,0.974757493279429,1.97475749327943,"activation"
"AT3G16280","AP2/ERF-ERF","AT5G60250",0,1,0,0,0,0,0.974744911867207,1.97474491186721,"activation"
"AT1G77200","AP2/ERF-ERF","AT3G57650",0,1,0,0,0,0,0.974728136650912,1.97472813665091,"activation"
"AT3G16280","AP2/ERF-ERF","AT1G36940",0,1,0,0,0,0,0.974719749042764,1.97471974904276,"activation"
"AT3G16280","AP2/ERF-ERF","AT5G11050",0,1,0,0,0,0,0.974707167630543,1.97470716763054,"activation"
"AT5G54230","MYB","AT5G40440",0,1,0,0,0,0,0.974577159704253,1.97457715970425,"activation"
"AT5G54230","MYB","AT1G67080",0,1,0,0,0,0,0.974401019933151,1.97440101993315,"activation"
"AT5G54230","MYB","AT3G27210",0,1,0,0,0,0,0.974384244716855,1.97438424471686,"activation"
"AT3G16280","AP2/ERF-ERF","AT1G25470",0,1,0,0,0,0,0.974329725263895,1.9743297252639,"activation"
"AT3G16280","AP2/ERF-ERF","AT1G75240",0,1,0,0,0,0,0.974103259843907,1.97410325984391,"repression"
"AT5G54230","MYB","AT2G46680",0,1,0,0,0,0,0.97407390321539,1.97407390321539,"activation"
"AT5G54230","MYB","AT2G28800",0,1,0,0,0,0,0.974015189958356,1.97401518995836,"activation"
"AT1G77200","AP2/ERF-ERF","AT3G56900",0,1,0,0,0,0,0.974006802350208,1.97400680235021,"activation"
"AT1G77200","AP2/ERF-ERF","AT5G59540",0,1,0,0,0,0,0.973985833329838,1.97398583332984,"repression"
"AT3G16280","AP2/ERF-ERF","AT2G18890",0,1,0,0,0,0,0.973964864309469,1.97396486430947,"activation"
"AT3G16280","AP2/ERF-ERF","AT1G55260",0,1,0,0,0,0,0.973906151052435,1.97390615105244,"activation"
"AT3G16280","AP2/ERF-ERF","AT4G21780",0,1,0,0,0,0,0.973847437795401,1.9738474377954,"activation"
"AT5G54230","MYB","AT5G42630",0,1,0,0,0,0,0.97381388736281,1.97381388736281,"repression"
"AT1G77200","AP2/ERF-ERF","AT1G51190",0,1,0,0,0,0,0.973788724538367,1.97378872453837,"activation"
"AT1G77200","AP2/ERF-ERF","AT5G20990",0,1,0,0,0,0,0.973482576840975,1.97348257684098,"repression"
"AT3G16280","AP2/ERF-ERF","AT1G53910",0,1,0,0,0,0,0.973381925543202,1.9733819255432,"repression"
"AT1G77200","AP2/ERF-ERF","AT3G19550",0,1,0,0,0,0,0.97333579369839,1.97333579369839,"activation"
"AT1G77200","AP2/ERF-ERF","AT1G66750",0,1,0,0,0,0,0.973247723812839,1.97324772381284,"activation"
"AT5G54230","MYB","AT3G52690",0,1,0,0,0,0,0.973197398163953,1.97319739816395,"activation"
"AT3G16280","AP2/ERF-ERF","AT5G49870",0,1,0,0,0,0,0.973004483176555,1.97300448317655,"activation"
"AT3G16280","AP2/ERF-ERF","AT5G58710",0,1,0,0,0,0,0.972274761267703,1.9722747612677,"repression"
"AT5G54230","MYB","AT1G65580",0,1,0,0,0,0,0.972224435618817,1.97222443561882,"activation"
"AT3G16280","AP2/ERF-ERF","AT1G66410",0,1,0,0,0,0,0.972203466598447,1.97220346659845,"repression"
"AT5G54230","MYB","AT1G07260",0,1,0,0,0,0,0.972115396712896,1.9721153967129,"activation"
"AT3G16280","AP2/ERF-ERF","AT4G12980",0,1,0,0,0,0,0.972111202908822,1.97211120290882,"activation"
"AT1G77200","AP2/ERF-ERF","AT2G44710",0,1,0,0,0,0,0.97206507106401,1.97206507106401,"repression"
"AT1G77200","AP2/ERF-ERF","AT5G23760",0,1,0,0,0,0,0.972031520631419,1.97203152063142,"repression"
"AT5G54230","MYB","AT1G11740",0,1,0,0,0,0,0.971981194982533,1.97198119498253,"activation"
"AT5G54230","MYB","AT1G08450",0,1,0,0,0,0,0.971872156076612,1.97187215607661,"repression"
"AT3G16280","AP2/ERF-ERF","AT5G16540",0,1,0,0,0,0,0.971725372934027,1.97172537293403,"repression"
"AT1G77200","AP2/ERF-ERF","AT5G65620",0,1,0,0,0,0,0.971637303048476,1.97163730304848,"activation"
"AT5G54230","MYB","AT4G26650",0,1,0,0,0,0,0.97151148892626,1.97151148892626,"repression"
"AT3G16280","AP2/ERF-ERF","AT1G23880",0,1,0,0,0,0,0.971498907514039,1.97149890751404,"activation"
"AT3G16280","AP2/ERF-ERF","AT5G48170",0,1,0,0,0,0,0.97132696154701,1.97132696154701,"activation"
"AT3G56980","bHLH","AT5G63600",0,0,0,1,0,1,0.971268248289976,1.97126824828998,"activation"
"AT1G77200","AP2/ERF-ERF","AT5G49560",0,1,0,0,0,0,0.971146627971834,1.97114662797183,"activation"
"AT1G77200","AP2/ERF-ERF","AT1G31850",0,1,0,0,0,0,0.971062751890357,1.97106275189036,"activation"
"AT1G77200","AP2/ERF-ERF","AT1G55690",0,1,0,0,0,0,0.970957906788511,1.97095790678851,"activation"
"AT5G54230","MYB","AT2G04240",0,1,0,0,0,0,0.970953712984437,1.97095371298444,"activation"
"AT3G16280","AP2/ERF-ERF","AT5G61280",0,1,0,0,0,0,0.970932743964067,1.97093274396407,"repression"
"AT3G16280","AP2/ERF-ERF","AT5G42720",0,1,0,0,0,0,0.970899193531477,1.97089919353148,"activation"
"AT5G54230","MYB","AT3G49690",0,1,0,0,0,0,0.970894999727403,1.9708949997274,"activation"
"AT5G54230","MYB","AT3G20015",0,1,0,0,0,0,0.970882418315181,1.97088241831518,"activation"
"AT3G16280","AP2/ERF-ERF","AT3G18770",0,1,0,0,0,0,0.970865643098886,1.97086564309889,"activation"
"AT1G77200","AP2/ERF-ERF","AT3G02070",0,1,0,0,0,0,0.970840480274443,1.97084048027444,"repression"
"AT3G16280","AP2/ERF-ERF","AT5G16840",0,1,0,0,0,0,0.970798542233704,1.9707985422337,"repression"
"AT5G54230","MYB","AT4G20270",0,1,0,0,0,0,0.970785960821482,1.97078596082148,"activation"
"AT5G54230","MYB","AT5G35100",0,1,0,0,0,0,0.970660146699266,1.97066014669927,"activation"
"AT3G56980","bHLH","AT2G26290",0,0,0,1,0,1,0.970362386610022,1.97036238661002,"repression"
"AT5G54230","MYB","AT2G16700",0,1,0,0,0,0,0.970337223785579,1.97033722378558,"activation"
"AT3G16280","AP2/ERF-ERF","AT2G15930",0,1,0,0,0,0,0.970303673352988,1.97030367335299,"repression"
"AT3G16280","AP2/ERF-ERF","AT5G38820",0,1,0,0,0,0,0.970291091940767,1.97029109194077,"activation"
"AT1G77200","AP2/ERF-ERF","AT5G47630",0,1,0,0,0,0,0.970249153900028,1.97024915390003,"activation"
"AT1G77200","AP2/ERF-ERF","AT4G28910",0,1,0,0,0,0,0.970073014128926,1.97007301412893,"activation"
"AT5G54230","MYB","AT5G16770",0,1,0,0,0,0,0.970047851304483,1.97004785130448,"activation"
"AT3G16280","AP2/ERF-ERF","AT3G04970",0,1,0,0,0,0,0.969913649574119,1.96991364957412,"activation"
"AT3G16280","AP2/ERF-ERF","AT4G19530",0,1,0,0,0,0,0.969863323925233,1.96986332392523,"activation"
"AT1G77200","AP2/ERF-ERF","AT3G23740",0,1,0,0,0,0,0.969808804472273,1.96980880447227,"activation"
"AT3G16280","AP2/ERF-ERF","AT2G38530",0,1,0,0,0,0,0.969741703607091,1.96974170360709,"activation"
"AT1G77200","AP2/ERF-ERF","AT3G63410",0,1,0,0,0,0,0.969519431991176,1.96951943199118,"activation"
"AT5G54230","MYB","AT5G32450",0,1,0,0,0,0,0.969511044383028,1.96951104438303,"repression"
"AT3G16280","AP2/ERF-ERF","AT4G19220",0,1,0,0,0,0,0.969448137321921,1.96944813732192,"activation"
"AT5G54230","MYB","AT4G38080",0,1,0,0,0,0,0.969422974497477,1.96942297449748,"activation"
"AT1G77200","AP2/ERF-ERF","AT4G08780",0,1,0,0,0,0,0.969402005477108,1.96940200547711,"repression"
"AT5G54230","MYB","AT5G56180",0,1,0,0,0,0,0.96939361786896,1.96939361786896,"activation"
"AT3G16280","AP2/ERF-ERF","AT1G50450",0,1,0,0,0,0,0.969368455044517,1.96936845504452,"repression"
"AT5G54230","MYB","AT3G09940",0,1,0,0,0,0,0.969330710807852,1.96933071080785,"repression"
"AT3G16280","AP2/ERF-ERF","AT3G13672",0,1,0,0,0,0,0.969322323199705,1.9693223231997,"activation"
"AT3G16280","AP2/ERF-ERF","AT2G03270",0,1,0,0,0,0,0.969292966571188,1.96929296657119,"repression"
"AT4G17900","PLATZ","AT1G02730",0,0,0,0,1,1,0.969129408212307,1.96912940821231,"repression"
"AT3G16280","AP2/ERF-ERF","AT1G05690",0,1,0,0,0,0,0.969062307347125,1.96906230734713,"activation"
"AT3G16280","AP2/ERF-ERF","AT2G31070",0,1,0,0,0,0,0.968986818873796,1.9689868188738,"activation"
"AT5G54230","MYB","AT5G64530",0,1,0,0,0,0,0.968902942792319,1.96890294279232,"activation"
"AT1G77200","AP2/ERF-ERF","AT5G16390",0,1,0,0,0,0,0.968835841927137,1.96883584192714,"activation"
"AT3G16280","AP2/ERF-ERF","AT5G57450",0,1,0,0,0,0,0.968789710082324,1.96878971008232,"activation"
"AT1G77200","AP2/ERF-ERF","AT3G53650",0,1,0,0,0,0,0.96878551627825,1.96878551627825,"activation"
"AT1G77200","AP2/ERF-ERF","AT5G09800",0,1,0,0,0,0,0.968747772041586,1.96874777204159,"repression"
"AT1G77200","AP2/ERF-ERF","AT2G37300",0,1,0,0,0,0,0.968701640196773,1.96870164019677,"activation"
"AT1G77200","AP2/ERF-ERF","AT1G76140",0,1,0,0,0,0,0.96854646944604,1.96854646944604,"activation"
"AT1G77200","AP2/ERF-ERF","AT5G51490",0,1,0,0,0,0,0.968533888033819,1.96853388803382,"activation"
"AT1G77200","AP2/ERF-ERF","AT4G26100",0,1,0,0,0,0,0.96849194999308,1.96849194999308,"activation"
"AT1G77200","AP2/ERF-ERF","AT1G49040",0,1,0,0,0,0,0.968366135870864,1.96836613587086,"activation"
"AT1G77200","AP2/ERF-ERF","AT1G64790",0,1,0,0,0,0,0.968332585438273,1.96833258543827,"activation"
"AT5G54230","MYB","AT4G37320",0,1,0,0,0,0,0.9683283916342,1.9683283916342,"activation"
"AT3G16280","AP2/ERF-ERF","AT1G65910",0,1,0,0,0,0,0.968278065985313,1.96827806598531,"activation"
"AT4G17900","PLATZ","AT5G54230",0,0,0,0,1,1,0.968227740336427,1.96822774033643,"activation"
"AT5G54230","MYB","AT4G09760",0,1,0,0,0,0,0.968219352728279,1.96821935272828,"activation"
"AT4G17490","AP2/ERF-ERF","AT4G01140",0,0,0,0,1,1,0.968189996099762,1.96818999609976,"repression"
"AT1G77200","AP2/ERF-ERF","AT3G13310",0,1,0,0,0,0,0.968164833275319,1.96816483327532,"repression"
"AT1G77200","AP2/ERF-ERF","AT4G01220",0,1,0,0,0,0,0.96814386425495,1.96814386425495,"activation"
"AT5G54230","MYB","AT1G76790",0,1,0,0,0,0,0.968072569585694,1.96807256958569,"activation"
"AT3G16280","AP2/ERF-ERF","AT2G40250",0,1,0,0,0,0,0.96806837578162,1.96806837578162,"activation"
"AT1G77200","AP2/ERF-ERF","AT5G20950",0,1,0,0,0,0,0.968064181977546,1.96806418197755,"activation"
"AT5G54230","MYB","AT5G23190",0,1,0,0,0,0,0.967892236010518,1.96789223601052,"activation"
"AT3G16280","AP2/ERF-ERF","AT2G47260",0,1,0,0,0,0,0.967753840476081,1.96775384047608,"activation"
"AT1G77200","AP2/ERF-ERF","AT2G37790",0,1,0,0,0,0,0.967749646672007,1.96774964667201,"activation"
"AT3G16280","AP2/ERF-ERF","AT5G02130",0,1,0,0,0,0,0.967707708631268,1.96770770863127,"repression"
"AT5G54230","MYB","AT5G54510",0,1,0,0,0,0,0.967657382982382,1.96765738298238,"activation"
"AT5G54230","MYB","AT2G43140",0,1,0,0,0,0,0.96746027419091,1.96746027419091,"repression"
"AT1G77200","AP2/ERF-ERF","AT2G02070",0,1,0,0,0,0,0.967317684852399,1.9673176848524,"activation"
"AT1G77200","AP2/ERF-ERF","AT1G66520",0,1,0,0,0,0,0.967300909636104,1.9673009096361,"activation"
"AT1G77200","AP2/ERF-ERF","AT1G35210",0,1,0,0,0,0,0.966986374330564,1.96698637433056,"repression"
"AT5G54230","MYB","AT5G19410",0,1,0,0,0,0,0.966969599114269,1.96696959911427,"activation"
"AT1G77200","AP2/ERF-ERF","AT2G34470",0,1,0,0,0,0,0.966952823897973,1.96695282389797,"activation"
"AT3G16280","AP2/ERF-ERF","AT3G13350",0,1,0,0,0,0,0.966877335424644,1.96687733542464,"repression"
"AT5G54230","MYB","AT1G68740",0,1,0,0,0,0,0.966864754012422,1.96686475401242,"activation"
"AT1G77200","AP2/ERF-ERF","AT3G60110",0,1,0,0,0,0,0.966835397383905,1.96683539738391,"activation"
"AT1G77200","AP2/ERF-ERF","AT3G03320",0,1,0,0,0,0,0.966659257612803,1.9666592576128,"activation"
"AT1G77200","AP2/ERF-ERF","AT4G02150",0,1,0,0,0,0,0.966625707180212,1.96662570718021,"activation"
"AT3G16280","AP2/ERF-ERF","AT5G64390",0,1,0,0,0,0,0.966604738159843,1.96660473815984,"activation"
"AT5G54230","MYB","AT4G36900",0,1,0,0,0,0,0.966550218706882,1.96655021870688,"activation"
"AT3G16280","AP2/ERF-ERF","AT4G03950",0,1,0,0,0,0,0.96650408686207,1.96650408686207,"activation"
"AT3G16280","AP2/ERF-ERF","AT3G20040",0,1,0,0,0,0,0.966474730233553,1.96647473023355,"repression"
"AT5G54230","MYB","AT4G27500",0,1,0,0,0,0,0.966428598388741,1.96642859838874,"repression"
"AT3G16280","AP2/ERF-ERF","AT5G25350",0,1,0,0,0,0,0.966348916111337,1.96634891611134,"repression"
"AT5G07700","MYB","AT2G26380",0,0,0,0,1,1,0.966340528503189,1.96634052850319,"activation"
"AT1G77200","AP2/ERF-ERF","AT5G07720",0,1,0,0,0,0,0.966323753286894,1.96632375328689,"activation"
"AT1G77200","AP2/ERF-ERF","AT3G28040",0,1,0,0,0,0,0.966298590462451,1.96629859046245,"activation"
"AT1G77200","AP2/ERF-ERF","AT5G63840",0,1,0,0,0,0,0.966290202854303,1.9662902028543,"activation"
"AT3G16280","AP2/ERF-ERF","AT1G19110",0,1,0,0,0,0,0.966176970144309,1.96617697014431,"activation"
"AT1G77200","AP2/ERF-ERF","AT4G22250",0,1,0,0,0,0,0.966093094062832,1.96609309406283,"activation"
"AT3G16280","AP2/ERF-ERF","AT4G39660",0,1,0,0,0,0,0.965988248960985,1.96598824896099,"repression"
"AT4G17490","AP2/ERF-ERF","AT4G34710",0,0,0,0,1,1,0.965946310920246,1.96594631092025,"activation"
"AT5G54230","MYB","AT5G57840",0,1,0,0,0,0,0.965875016250991,1.96587501625099,"activation"
"AT1G77200","AP2/ERF-ERF","AT3G27360",0,1,0,0,0,0,0.965770171149144,1.96577017114914,"activation"
"AT5G54230","MYB","AT4G09670",0,1,0,0,0,0,0.965749202128775,1.96574920212877,"activation"
"AT3G16280","AP2/ERF-ERF","AT2G22390",0,1,0,0,0,0,0.965619194202485,1.96561919420249,"activation"
"AT1G77200","AP2/ERF-ERF","AT5G12340",0,1,0,0,0,0,0.965615000398411,1.96561500039841,"repression"
"AT5G54230","MYB","AT5G02620",0,1,0,0,0,0,0.965501767688417,1.96550176768842,"activation"
"AT1G77200","AP2/ERF-ERF","AT4G37295",0,1,0,0,0,0,0.965497573884343,1.96549757388434,"repression"
"AT1G77200","AP2/ERF-ERF","AT1G63470",0,1,0,0,0,0,0.965422085411014,1.96542208541101,"activation"
"AT3G16280","AP2/ERF-ERF","AT3G50860",0,1,0,0,0,0,0.965405310194718,1.96540531019472,"repression"
"AT5G54230","MYB","AT4G11650",0,1,0,0,0,0,0.965367565958054,1.96536756595805,"activation"
"AT1G77200","AP2/ERF-ERF","AT1G61010",0,1,0,0,0,0,0.965296271288798,1.9652962712888,"activation"
"AT1G77200","AP2/ERF-ERF","AT1G72090",0,1,0,0,0,0,0.965258527052133,1.96525852705213,"activation"
"AT1G77200","AP2/ERF-ERF","AT1G51510",0,1,0,0,0,0,0.965057224456588,1.96505722445659,"activation"
"AT3G16280","AP2/ERF-ERF","AT1G16070",0,1,0,0,0,0,0.964847534252895,1.96484753425289,"activation"
"AT3G16280","AP2/ERF-ERF","AT5G35410",0,1,0,0,0,0,0.964826565232525,1.96482656523253,"activation"
"AT1G77200","AP2/ERF-ERF","AT4G36620",0,1,0,0,0,0,0.964805596212156,1.96480559621216,"activation"
"AT1G77200","AP2/ERF-ERF","AT2G19570",0,1,0,0,0,0,0.964746882955122,1.96474688295512,"repression"
"AT1G77200","AP2/ERF-ERF","AT3G59220",0,1,0,0,0,0,0.96470075111031,1.96470075111031,"repression"
"AT3G16280","AP2/ERF-ERF","AT3G14990",0,1,0,0,0,0,0.964663006873645,1.96466300687365,"repression"
"AT5G54230","MYB","AT4G13860",0,1,0,0,0,0,0.964621068832906,1.96462106883291,"activation"
"AT3G16280","AP2/ERF-ERF","AT1G73760",0,1,0,0,0,0,0.964537192751429,1.96453719275143,"activation"
"AT1G77200","AP2/ERF-ERF","AT5G07290",0,1,0,0,0,0,0.96451622373106,1.96451622373106,"repression"
"AT3G16280","AP2/ERF-ERF","AT4G02330",0,1,0,0,0,0,0.964512029926986,1.96451202992699,"activation"
"AT3G16280","AP2/ERF-ERF","AT2G44360",0,1,0,0,0,0,0.964474285690321,1.96447428569032,"repression"
"AT5G54230","MYB","AT3G55450",0,1,0,0,0,0,0.964335890155884,1.96433589015588,"activation"
"AT5G54230","MYB","AT3G44980",0,1,0,0,0,0,0.964302339723293,1.96430233972329,"activation"
"AT1G77200","AP2/ERF-ERF","AT4G19150",0,1,0,0,0,0,0.964293952115145,1.96429395211515,"activation"
"AT3G16280","AP2/ERF-ERF","AT1G73440",0,1,0,0,0,0,0.964260401682554,1.96426040168255,"activation"
"AT3G16280","AP2/ERF-ERF","AT1G64580",0,1,0,0,0,0,0.964252014074407,1.96425201407441,"repression"
"AT3G16280","AP2/ERF-ERF","AT4G34640",0,1,0,0,0,0,0.964205882229594,1.96420588222959,"activation"
"AT5G54230","MYB","AT4G14440",0,1,0,0,0,0,0.964130393756265,1.96413039375626,"activation"
"AT3G16280","AP2/ERF-ERF","AT1G20490",0,1,0,0,0,0,0.963887153119981,1.96388715311998,"activation"
"AT3G16280","AP2/ERF-ERF","AT4G08390",0,1,0,0,0,0,0.963828439862947,1.96382843986295,"repression"
"AT1G77200","AP2/ERF-ERF","AT3G62260",0,1,0,0,0,0,0.963820052254799,1.9638200522548,"repression"
"AT1G77200","AP2/ERF-ERF","AT2G29580",0,0,1,0,0,1,0.963790695626282,1.96379069562628,"activation"
"AT1G77200","AP2/ERF-ERF","AT1G09570",0,1,0,0,0,0,0.963786501822208,1.96378650182221,"activation"
"AT5G54230","MYB","AT2G22510",0,1,0,0,0,0,0.963757145193691,1.96375714519369,"activation"
"AT5G54230","MYB","AT1G64690",0,1,0,0,0,0,0.963715207152952,1.96371520715295,"activation"
"AT1G77200","AP2/ERF-ERF","AT1G11545",0,1,0,0,0,0,0.963690044328509,1.96369004432851,"activation"
"AT1G77200","AP2/ERF-ERF","AT4G27240",0,1,0,0,0,0,0.963576811618515,1.96357681161851,"activation"
"AT3G16280","AP2/ERF-ERF","AT4G33905",0,1,0,0,0,0,0.963560036402219,1.96356003640222,"repression"
"AT3G16280","AP2/ERF-ERF","AT4G08850",0,1,0,0,0,0,0.963530679773702,1.9635306797737,"activation"
"AT3G16280","AP2/ERF-ERF","AT1G29700",0,1,0,0,0,0,0.963509710753333,1.96350971075333,"activation"
"AT5G54230","MYB","AT2G04350",0,1,0,0,0,0,0.963320989570009,1.96332098957001,"activation"
"AT3G16280","AP2/ERF-ERF","AT4G00270",0,1,0,0,0,0,0.963316795765935,1.96331679576594,"repression"
"AT5G54230","MYB","AT4G39950",0,1,0,0,0,0,0.963253888704828,1.96325388870483,"activation"
"AT1G77200","AP2/ERF-ERF","AT5G42010",0,1,0,0,0,0,0.96324550109668,1.96324550109668,"repression"
"AT5G54230","MYB","AT2G44230",0,1,0,0,0,0,0.963140655994833,1.96314065599483,"activation"
"AT3G16280","AP2/ERF-ERF","AT3G27870",0,1,0,0,0,0,0.963132268386686,1.96313226838669,"activation"
"AT1G77200","AP2/ERF-ERF","AT2G01120",0,1,0,0,0,0,0.963027423284839,1.96302742328484,"activation"
"AT5G54230","MYB","AT1G64750",0,1,0,0,0,0,0.963010648068544,1.96301064806854,"repression"
"AT5G54230","MYB","AT5G56030",0,1,0,0,0,0,0.962998066656322,1.96299806665632,"repression"
"AT5G54230","MYB","AT1G64620",0,1,0,0,0,0,0.962909996770771,1.96290999677077,"activation"
"AT3G16280","AP2/ERF-ERF","AT2G17890",0,1,0,0,0,0,0.962893221554475,1.96289322155448,"activation"
"AT5G54230","MYB","AT4G36670",0,1,0,0,0,0,0.962817733081146,1.96281773308115,"activation"
"AT3G16280","AP2/ERF-ERF","AT5G47420",0,1,0,0,0,0,0.962654174722265,1.96265417472227,"activation"
"AT3G16280","AP2/ERF-ERF","AT1G55760",0,1,0,0,0,0,0.962545135816345,1.96254513581634,"repression"
"AT3G16280","AP2/ERF-ERF","AT1G03055",0,1,0,0,0,0,0.962536748208197,1.9625367482082,"repression"
"AT1G77200","AP2/ERF-ERF","AT3G18520",0,1,0,0,0,0,0.962461259734868,1.96246125973487,"activation"
"AT1G77200","AP2/ERF-ERF","AT4G38180",0,1,0,0,0,0,0.962427709302277,1.96242770930228,"activation"
"AT5G54230","MYB","AT1G19300",0,1,0,0,0,0,0.962402546477834,1.96240254647783,"activation"
"AT1G77200","AP2/ERF-ERF","AT5G04540",0,1,0,0,0,0,0.962314476592283,1.96231447659228,"repression"
"AT1G77200","AP2/ERF-ERF","AT2G17840",0,1,0,0,0,0,0.962247375727101,1.9622473757271,"repression"
"AT1G77200","AP2/ERF-ERF","AT5G25890",0,1,0,0,0,0,0.962192856274141,1.96219285627414,"repression"
"AT5G54230","MYB","AT4G18550",0,1,0,0,0,0,0.962188662470067,1.96218866247007,"activation"
"AT1G77200","AP2/ERF-ERF","AT2G36680",0,1,0,0,0,0,0.96208381736822,1.96208381736822,"repression"
"AT5G54230","MYB","AT4G34450",0,1,0,0,0,0,0.962062848347851,1.96206284834785,"repression"
"AT3G16280","AP2/ERF-ERF","AT1G23300",0,1,0,0,0,0,0.961983166070448,1.96198316607045,"activation"
"AT3G16280","AP2/ERF-ERF","AT2G16340",0,1,0,0,0,0,0.961949615637857,1.96194961563786,"repression"
"AT3G16280","AP2/ERF-ERF","AT3G60800",0,1,0,0,0,0,0.961777669670828,1.96177766967083,"activation"
"AT1G77200","AP2/ERF-ERF","AT1G02840",0,1,0,0,0,0,0.96166024315676,1.96166024315676,"activation"
"AT3G16280","AP2/ERF-ERF","AT5G64630",0,1,0,0,0,0,0.961656049352686,1.96165604935269,"activation"
"AT3G16280","AP2/ERF-ERF","AT4G02650",0,1,0,0,0,0,0.961559591858988,1.96155959185899,"activation"
"AT3G16280","AP2/ERF-ERF","AT4G21160",0,1,0,0,0,0,0.961534429034544,1.96153442903454,"activation"
"AT3G16280","AP2/ERF-ERF","AT2G15270",0,1,0,0,0,0,0.961341514047147,1.96134151404715,"repression"
"AT1G77200","AP2/ERF-ERF","AT5G18410",0,1,0,0,0,0,0.961328932634925,1.96132893263493,"activation"
"AT3G16280","AP2/ERF-ERF","AT2G32860",0,1,0,0,0,0,0.961299576006408,1.96129957600641,"activation"
"AT5G54230","MYB","AT5G23710",0,1,0,0,0,0,0.961215699924931,1.96121569992493,"repression"
"AT3G16280","AP2/ERF-ERF","AT3G48570",0,1,0,0,0,0,0.961177955688266,1.96117795568827,"activation"
"AT5G07700","MYB","AT2G24850",0,0,0,0,1,1,0.96112763003938,1.96112763003938,"activation"
"AT1G77200","AP2/ERF-ERF","AT4G09720",0,1,0,0,0,0,0.961098273410863,1.96109827341086,"activation"
"AT3G16280","AP2/ERF-ERF","AT5G61430",0,1,0,0,0,0,0.961039560153829,1.96103956015383,"activation"
"AT1G77200","AP2/ERF-ERF","AT5G10840",0,1,0,0,0,0,0.961014397329386,1.96101439732939,"activation"
"AT1G77200","AP2/ERF-ERF","AT4G14360",0,1,0,0,0,0,0.96083406375421,1.96083406375421,"activation"
"AT3G16280","AP2/ERF-ERF","AT3G18230",0,1,0,0,0,0,0.960817288537914,1.96081728853791,"activation"
"AT3G16280","AP2/ERF-ERF","AT2G15820",0,1,0,0,0,0,0.960725024848289,1.96072502484829,"activation"
"AT3G16280","AP2/ERF-ERF","AT3G12920",0,1,0,0,0,0,0.960636954962738,1.96063695496274,"activation"
"AT3G16280","AP2/ERF-ERF","AT4G00530",0,1,0,0,0,0,0.960632761158664,1.96063276115866,"repression"
"AT5G54230","MYB","AT1G47330",0,1,0,0,0,0,0.960561466489409,1.96056146648941,"activation"
"AT1G77200","AP2/ERF-ERF","AT2G20680",0,1,0,0,0,0,0.960418877150897,1.9604188771509,"activation"
"AT1G77200","AP2/ERF-ERF","AT5G67070",0,1,0,0,0,0,0.960217574555352,1.96021757455535,"activation"
"AT1G77200","AP2/ERF-ERF","AT1G21880",0,1,0,0,0,0,0.960213380751278,1.96021338075128,"activation"
"AT5G54230","MYB","AT2G39380",0,1,0,0,0,0,0.960184024122761,1.96018402412276,"activation"
"AT3G16280","AP2/ERF-ERF","AT1G24330",0,1,0,0,0,0,0.960167248906466,1.96016724890647,"repression"
"AT1G77200","AP2/ERF-ERF","AT2G38730",0,1,0,0,0,0,0.960158861298318,1.96015886129832,"activation"
"AT1G77200","AP2/ERF-ERF","AT2G23120",0,1,0,0,0,0,0.960129504669801,1.9601295046698,"repression"
"AT3G16280","AP2/ERF-ERF","AT5G25570",0,1,0,0,0,0,0.960108535649432,1.96010853564943,"repression"
"AT3G16280","AP2/ERF-ERF","AT5G60820",0,1,0,0,0,0,0.960028853372028,1.96002885337203,"activation"
"AT1G77200","AP2/ERF-ERF","AT1G20330",0,1,0,0,0,0,0.960003690547585,1.96000369054758,"activation"
"AT5G54230","MYB","AT5G07400",0,1,0,0,0,0,0.959856907405,1.959856907405,"repression"
"AT5G54230","MYB","AT5G44650",0,1,0,0,0,0,0.959718511870562,1.95971851187056,"repression"
"AT5G54230","MYB","AT1G36060",0,1,0,0,0,0,0.959622054376864,1.95962205437686,"repression"
"AT1G77200","AP2/ERF-ERF","AT5G57590",0,1,0,0,0,0,0.959588503944273,1.95958850394427,"activation"
"AT1G77200","AP2/ERF-ERF","AT1G61780",0,1,0,0,0,0,0.959471077430205,1.9594710774302,"repression"
"AT1G77200","AP2/ERF-ERF","AT4G28050",0,1,0,0,0,0,0.959454302213909,1.95945430221391,"activation"
"AT1G77200","AP2/ERF-ERF","AT2G40950",0,1,0,0,0,0,0.959198480165404,1.9591984801654,"activation"
"AT3G16280","AP2/ERF-ERF","AT4G26130",0,1,0,0,0,0,0.95917331734096,1.95917331734096,"repression"
"AT1G77200","AP2/ERF-ERF","AT5G49530",0,1,0,0,0,0,0.959051697022818,1.95905169702282,"activation"
"AT5G54230","MYB","AT3G01310",0,1,0,0,0,0,0.95900975898208,1.95900975898208,"activation"
"AT3G16280","AP2/ERF-ERF","AT3G05220",0,1,0,0,0,0,0.958871363447642,1.95887136344764,"activation"
"AT3G16280","AP2/ERF-ERF","AT5G50480",0,1,0,0,0,0,0.958779099758017,1.95877909975802,"repression"
"AT1G77200","AP2/ERF-ERF","AT5G04290",0,1,0,0,0,0,0.9587497431295,1.9587497431295,"activation"
"AT1G77200","AP2/ERF-ERF","AT2G21800",0,1,0,0,0,0,0.958607153790989,1.95860715379099,"activation"
"AT1G77200","AP2/ERF-ERF","AT1G75710",0,1,0,0,0,0,0.958590378574694,1.95859037857469,"activation"
"AT3G16280","AP2/ERF-ERF","AT2G43840",0,1,0,0,0,0,0.958498114885069,1.95849811488507,"activation"
"AT1G77200","AP2/ERF-ERF","AT4G02380",0,1,0,0,0,0,0.95845617684433,1.95845617684433,"repression"
"AT1G77200","AP2/ERF-ERF","AT3G10600",0,1,0,0,0,0,0.958410044999518,1.95841004499952,"activation"
"AT1G77200","AP2/ERF-ERF","AT2G25740",0,1,0,0,0,0,0.958338750330262,1.95833875033026,"activation"
"AT3G16280","AP2/ERF-ERF","AT2G45550",0,1,0,0,0,0,0.958124866322495,1.9581248663225,"activation"
"AT1G77200","AP2/ERF-ERF","AT5G50375",0,1,0,0,0,0,0.958103897302126,1.95810389730213,"activation"
"AT3G56980","bHLH","AT3G15060",0,0,0,1,0,1,0.957973889375836,1.95797388937584,"repression"
"AT1G77200","AP2/ERF-ERF","AT2G20630",0,1,0,0,0,0,0.957919369922876,1.95791936992288,"repression"
"AT5G54230","MYB","AT2G19200",0,1,0,0,0,0,0.957894207098433,1.95789420709843,"activation"
"AT5G54230","MYB","AT5G15580",0,1,0,0,0,0,0.95768451689474,1.95768451689474,"repression"
"AT3G16280","AP2/ERF-ERF","AT4G12240",0,1,0,0,0,0,0.957592253205115,1.95759225320511,"activation"
"AT1G77200","AP2/ERF-ERF","AT1G09970",0,1,0,0,0,0,0.957558702772524,1.95755870277252,"repression"
"AT5G54230","MYB","AT1G65520",0,1,0,0,0,0,0.957525152339933,1.95752515233993,"activation"
"AT5G54230","MYB","AT2G22330",0,1,0,0,0,0,0.957516764731785,1.95751676473179,"activation"
"AT5G54230","MYB","AT1G78120",0,1,0,0,0,0,0.957428694846234,1.95742869484623,"activation"
"AT3G16280","AP2/ERF-ERF","AT3G19920",0,1,0,0,0,0,0.95742450104216,1.95742450104216,"repression"
"AT5G54230","MYB","AT5G40390",0,1,0,0,0,0,0.957135128561064,1.95713512856106,"activation"
"AT1G77200","AP2/ERF-ERF","AT3G60880",0,1,0,0,0,0,0.957105771932547,1.95710577193255,"activation"
"AT5G54230","MYB","AT3G55470",0,1,0,0,0,0,0.957084802912178,1.95708480291218,"repression"
"AT5G54230","MYB","AT2G36290",0,1,0,0,0,0,0.957080609108104,1.9570806091081,"activation"
"AT1G77200","AP2/ERF-ERF","AT4G19120",0,1,0,0,0,0,0.957055446283661,1.95705544628366,"activation"
"AT5G54230","MYB","AT4G39510",0,1,0,0,0,0,0.956933825965519,1.95693382596552,"activation"
"AT1G77200","AP2/ERF-ERF","AT1G58360",0,1,0,0,0,0,0.95683736847182,1.95683736847182,"repression"
"AT1G77200","AP2/ERF-ERF","AT3G53190",0,1,0,0,0,0,0.956803818039229,1.95680381803923,"activation"
"AT5G54230","MYB","AT1G15800",0,1,0,0,0,0,0.95678284901886,1.95678284901886,"activation"
"AT5G54230","MYB","AT5G55630",0,1,0,0,0,0,0.956753492390342,1.95675349239034,"activation"
"AT3G16280","AP2/ERF-ERF","AT2G48130",0,1,0,0,0,0,0.956640259680348,1.95664025968035,"activation"
"AT1G77200","AP2/ERF-ERF","AT5G50000",0,1,0,0,0,0,0.956631872072201,1.9566318720722,"activation"
"AT4G17900","PLATZ","AT1G77200",0,0,0,0,1,1,0.956518639362206,1.95651863936221,"repression"
"AT3G16280","AP2/ERF-ERF","AT5G06720",0,1,0,0,0,0,0.956443150888877,1.95644315088888,"activation"
"AT1G77200","AP2/ERF-ERF","AT5G28740",0,1,0,0,0,0,0.956397019044064,1.95639701904406,"activation"
"AT1G77200","AP2/ERF-ERF","AT5G26850",0,1,0,0,0,0,0.956321530570735,1.95632153057073,"activation"
"AT3G16280","AP2/ERF-ERF","AT4G33040",0,1,0,0,0,0,0.956195716448519,1.95619571644852,"activation"
"AT5G54230","MYB","AT4G39820",0,1,0,0,0,0,0.956170553624076,1.95617055362408,"repression"
"AT5G54230","MYB","AT4G12080",0,1,0,0,0,0,0.95615377840778,1.95615377840778,"activation"
"AT1G77200","AP2/ERF-ERF","AT4G32250",0,1,0,0,0,0,0.956145390799633,1.95614539079963,"activation"
"AT1G77200","AP2/ERF-ERF","AT5G28290",0,1,0,0,0,0,0.956132809387411,1.95613280938741,"activation"
"AT5G54230","MYB","AT5G43150",0,1,0,0,0,0,0.956090871346672,1.95609087134667,"activation"
"AT3G16280","AP2/ERF-ERF","AT2G46140",0,1,0,0,0,0,0.956019576677417,1.95601957667742,"repression"
"AT3G16280","AP2/ERF-ERF","AT2G34060",0,1,0,0,0,0,0.955906343967423,1.95590634396742,"repression"
"AT1G77200","AP2/ERF-ERF","AT1G79650",0,1,0,0,0,0,0.955881181142979,1.95588118114298,"activation"
"AT5G54230","MYB","AT1G01420",0,1,0,0,0,0,0.955822467885945,1.95582246788595,"activation"
"AT3G16280","AP2/ERF-ERF","AT5G60090",0,1,0,0,0,0,0.95580569266965,1.95580569266965,"activation"
"AT1G77200","AP2/ERF-ERF","AT3G48020",0,1,0,0,0,0,0.955549870621144,1.95554987062114,"repression"
"AT1G77200","AP2/ERF-ERF","AT1G49050",0,1,0,0,0,0,0.955528901600775,1.95552890160078,"repression"
"AT1G77200","AP2/ERF-ERF","AT1G79660",0,1,0,0,0,0,0.955516320188553,1.95551632018855,"repression"
"AT5G54230","MYB","AT5G28080",0,1,0,0,0,0,0.95551212638448,1.95551212638448,"activation"
"AT1G77200","AP2/ERF-ERF","AT4G16120",0,1,0,0,0,0,0.955495351168184,1.95549535116818,"activation"
"AT3G16280","AP2/ERF-ERF","AT2G45870",0,1,0,0,0,0,0.955465994539667,1.95546599453967,"repression"
"AT5G54230","MYB","AT5G63970",0,1,0,0,0,0,0.955461800735593,1.95546180073559,"activation"
"AT3G16280","AP2/ERF-ERF","AT4G19610",0,1,0,0,0,0,0.955415668890781,1.95541566889078,"repression"
"AT3G56980","bHLH","AT4G00700",0,0,0,1,0,1,0.955268885748196,1.9552688857482,"activation"
"AT1G77200","AP2/ERF-ERF","AT5G18460",0,1,0,0,0,0,0.955214366295235,1.95521436629524,"activation"
"AT3G16280","AP2/ERF-ERF","AT1G10160",0,1,0,0,0,0,0.955172428254497,1.9551724282545,"activation"
"AT3G16280","AP2/ERF-ERF","AT3G12490",0,1,0,0,0,0,0.955075970760798,1.9550759707608,"repression"
"AT1G77200","AP2/ERF-ERF","AT3G02530",0,1,0,0,0,0,0.955055001740429,1.95505500174043,"activation"
"AT3G16280","AP2/ERF-ERF","AT5G07280",0,1,0,0,0,0,0.954908218597844,1.95490821859784,"activation"
"AT1G77200","AP2/ERF-ERF","AT4G05400",0,1,0,0,0,0,0.95490402479377,1.95490402479377,"activation"
"AT1G77200","AP2/ERF-ERF","AT5G36210",0,1,0,0,0,0,0.954878861969326,1.95487886196933,"activation"
"AT1G77200","AP2/ERF-ERF","AT1G04430",0,1,0,0,0,0,0.954870474361179,1.95487047436118,"activation"
"AT1G77200","AP2/ERF-ERF","AT5G13520",0,1,0,0,0,0,0.954866280557105,1.95486628055711,"activation"
"AT3G16280","AP2/ERF-ERF","AT3G17470",0,1,0,0,0,0,0.954778210671554,1.95477821067155,"activation"
"AT5G54230","MYB","AT5G10420",0,1,0,0,0,0,0.954736272630815,1.95473627263082,"activation"
"AT3G16280","AP2/ERF-ERF","AT2G48090",0,1,0,0,0,0,0.954715303610446,1.95471530361045,"repression"
"AT1G77200","AP2/ERF-ERF","AT3G44610",0,1,0,0,0,0,0.954660784157486,1.95466078415749,"activation"
"AT5G54230","MYB","AT1G10140",0,1,0,0,0,0,0.954639815137116,1.95463981513712,"activation"
"AT3G16280","AP2/ERF-ERF","AT1G72280",0,1,0,0,0,0,0.954602070900452,1.95460207090045,"activation"
"AT3G16280","AP2/ERF-ERF","AT2G40300",0,1,0,0,0,0,0.954593683292304,1.9545936832923,"repression"
"AT1G77200","AP2/ERF-ERF","AT5G50850",0,1,0,0,0,0,0.95458948948823,1.95458948948823,"repression"
"AT3G56980","bHLH","AT5G54230",0,0,0,1,0,1,0.954514001014901,1.9545140010149,"repression"
"AT1G77200","AP2/ERF-ERF","AT1G77750",0,1,0,0,0,0,0.954455287757866,1.95445528775787,"activation"
"AT1G77200","AP2/ERF-ERF","AT2G01720",0,1,0,0,0,0,0.95429592320306,1.95429592320306,"activation"
"AT3G16280","AP2/ERF-ERF","AT4G38170",0,1,0,0,0,0,0.954157527668622,1.95415752766862,"activation"
"AT1G77200","AP2/ERF-ERF","AT4G31550",0,1,0,0,0,0,0.954094620607514,1.95409462060751,"repression"
"AT5G54230","MYB","AT5G39380",0,1,0,0,0,0,0.954031713546407,1.95403171354641,"repression"
"AT3G16280","AP2/ERF-ERF","AT1G02910",0,1,0,0,0,0,0.954027519742333,1.95402751974233,"activation"
"AT5G54230","MYB","AT1G55940",0,1,0,0,0,0,0.954019132134185,1.95401913213419,"activation"
"AT1G77200","AP2/ERF-ERF","AT1G62330",0,1,0,0,0,0,0.954010744526037,1.95401074452604,"activation"
"AT3G16280","AP2/ERF-ERF","AT5G39970",0,1,0,0,0,0,0.953998163113816,1.95399816311382,"activation"
"AT1G77200","AP2/ERF-ERF","AT5G66680",0,1,0,0,0,0,0.953947837464929,1.95394783746493,"activation"
"AT1G77200","AP2/ERF-ERF","AT2G18170",0,1,0,0,0,0,0.953935256052708,1.95393525605271,"repression"
"AT3G16280","AP2/ERF-ERF","AT5G14960",0,1,0,0,0,0,0.953922674640486,1.95392267464049,"activation"
"AT3G16280","AP2/ERF-ERF","AT1G78630",0,1,0,0,0,0,0.953838798559009,1.95383879855901,"repression"
"AT1G77200","AP2/ERF-ERF","AT2G26230",0,1,0,0,0,0,0.953725565849015,1.95372556584901,"repression"
"AT1G77200","AP2/ERF-ERF","AT5G51060",0,1,0,0,0,0,0.953721372044941,1.95372137204494,"repression"
"AT3G16280","AP2/ERF-ERF","AT5G66220",0,1,0,0,0,0,0.953696209220498,1.9536962092205,"activation"
"AT1G77200","AP2/ERF-ERF","AT1G17370",0,1,0,0,0,0,0.95368782161235,1.95368782161235,"activation"
"AT3G16280","AP2/ERF-ERF","AT4G15660",0,1,0,0,0,0,0.953641689767537,1.95364168976754,"repression"
"AT1G77200","AP2/ERF-ERF","AT4G13990",1,1,0,0,0,0,0.953591364118651,1.95359136411865,"activation"
"AT1G77200","AP2/ERF-ERF","AT5G40860",0,1,0,0,0,0,0.953582976510503,1.9535829765105,"repression"
"AT1G77200","AP2/ERF-ERF","AT1G70990",0,1,0,0,0,0,0.953570395098282,1.95357039509828,"repression"
"AT5G54230","MYB","AT5G12470",0,1,0,0,0,0,0.953553619881986,1.95355361988199,"repression"
"AT1G77200","AP2/ERF-ERF","AT1G49410",0,1,0,0,0,0,0.953339735874219,1.95333973587422,"activation"
"AT3G16280","AP2/ERF-ERF","AT3G14570",0,1,0,0,0,0,0.953234890772373,1.95323489077237,"activation"
"AT3G16280","AP2/ERF-ERF","AT4G12910",0,1,0,0,0,0,0.953205534143856,1.95320553414386,"activation"
"AT3G16280","AP2/ERF-ERF","AT1G28430",0,1,0,0,0,0,0.953167789907191,1.95316778990719,"repression"
"AT1G77200","AP2/ERF-ERF","AT5G66440",0,1,0,0,0,0,0.953008425352384,1.95300842535238,"repression"
"AT1G77200","AP2/ERF-ERF","AT4G29250",0,1,0,0,0,0,0.952995843940163,1.95299584394016,"activation"
"AT1G77200","AP2/ERF-ERF","AT4G36500",0,1,0,0,0,0,0.952974874919793,1.95297487491979,"repression"
"AT5G54230","MYB","AT4G14890",0,1,0,0,0,0,0.95284067318943,1.95284067318943,"activation"
"AT1G77200","AP2/ERF-ERF","AT1G63850",0,1,0,0,0,0,0.952811316560913,1.95281131656091,"activation"
"AT3G16280","AP2/ERF-ERF","AT4G03480",0,1,0,0,0,0,0.9527651847161,1.9527651847161,"activation"
"AT5G54230","MYB","AT2G41160",0,1,0,0,0,0,0.952756797107953,1.95275679710795,"repression"
"AT5G54230","MYB","AT1G01640",0,1,0,0,0,0,0.952752603303879,1.95275260330388,"activation"
"AT3G16280","AP2/ERF-ERF","AT3G10450",0,1,0,0,0,0,0.952731634283509,1.95273163428351,"repression"
"AT5G54230","MYB","AT5G51970",0,1,0,0,0,0,0.952693890046845,1.95269389004684,"activation"
"AT3G16280","AP2/ERF-ERF","AT2G01470",0,1,0,0,0,0,0.952647758202032,1.95264775820203,"activation"
"AT1G77200","AP2/ERF-ERF","AT3G31910",0,1,0,0,0,0,0.952589044944998,1.952589044945,"repression"
"AT3G16280","AP2/ERF-ERF","AT5G28500",0,1,0,0,0,0,0.952576463532777,1.95257646353278,"activation"
"AT3G16280","AP2/ERF-ERF","AT1G34355",0,1,0,0,0,0,0.952542913100186,1.95254291310019,"repression"
"AT5G54230","MYB","AT4G16640",0,1,0,0,0,0,0.952492587451299,1.9524925874513,"activation"
"AT1G77200","AP2/ERF-ERF","AT3G03680",0,1,0,0,0,0,0.952463230822782,1.95246323082278,"activation"
"AT1G77200","AP2/ERF-ERF","AT3G28860",0,1,0,0,0,0,0.95234161050464,1.95234161050464,"activation"
"AT1G77200","AP2/ERF-ERF","AT3G63160",0,1,0,0,0,0,0.952274509639459,1.95227450963946,"activation"
"AT3G56980","bHLH","AT4G29690",0,0,0,1,0,1,0.952228377794646,1.95222837779465,"repression"
"AT1G77200","AP2/ERF-ERF","AT4G19710",0,1,0,0,0,0,0.952219990186498,1.9522199901865,"activation"
"AT3G16280","AP2/ERF-ERF","AT4G21480",0,1,0,0,0,0,0.952194827362055,1.95219482736206,"repression"
"AT1G77200","AP2/ERF-ERF","AT5G45640",0,1,0,0,0,0,0.95217805214576,1.95217805214576,"activation"
"AT4G17900","PLATZ","AT2G36410",0,0,0,0,1,1,0.952165470733538,1.95216547073354,"activation"
"AT3G16280","AP2/ERF-ERF","AT3G44550",0,1,0,0,0,0,0.952119338888726,1.95211933888873,"activation"
"AT5G54230","MYB","AT3G18930",0,1,0,0,0,0,0.952110951280578,1.95211095128058,"activation"
"AT1G77200","AP2/ERF-ERF","AT3G18130",0,1,0,0,0,0,0.952089982260209,1.95208998226021,"activation"
"AT3G16280","AP2/ERF-ERF","AT3G49940",0,1,0,0,0,0,0.952022881395027,1.95202288139503,"repression"
"AT1G77200","AP2/ERF-ERF","AT3G62760",0,1,0,0,0,0,0.951989330962436,1.95198933096244,"activation"
"AT3G16280","AP2/ERF-ERF","AT2G05200",0,1,0,0,0,0,0.951959974333919,1.95195997433392,"repression"
"AT3G56980","bHLH","AT1G27290",0,0,0,1,0,1,0.951918036293181,1.95191803629318,"activation"
"AT3G56980","bHLH","AT1G27050",0,0,0,1,0,1,0.95186351684022,1.95186351684022,"repression"
"AT3G16280","AP2/ERF-ERF","AT2G42900",0,1,0,0,0,0,0.951817384995408,1.95181738499541,"activation"
"AT5G54230","MYB","AT3G07970",0,1,0,0,0,0,0.951813191191334,1.95181319119133,"activation"
"AT5G54230","MYB","AT1G26930",0,1,0,0,0,0,0.951716733697635,1.95171673369764,"repression"
"AT3G16280","AP2/ERF-ERF","AT5G44670",0,1,0,0,0,0,0.951687377069118,1.95168737706912,"activation"
"AT1G77200","AP2/ERF-ERF","AT5G17380",0,1,0,0,0,0,0.951532206318385,1.95153220631839,"repression"
"AT3G16280","AP2/ERF-ERF","AT4G34990",0,1,0,0,0,0,0.95151543110209,1.95151543110209,"activation"
"AT3G16280","AP2/ERF-ERF","AT3G43290",0,1,0,0,0,0,0.951406392196169,1.95140639219617,"repression"
"AT3G16280","AP2/ERF-ERF","AT4G01270",0,1,0,0,0,0,0.951381229371726,1.95138122937173,"activation"
"AT1G77200","AP2/ERF-ERF","AT5G15880",0,1,0,0,0,0,0.951368647959505,1.9513686479595,"activation"
"AT3G16280","AP2/ERF-ERF","AT4G26980",0,1,0,0,0,0,0.951309934702471,1.95130993470247,"activation"
"AT5G65640","bHLH","AT5G47310",0,0,1,0,0,1,0.951263802857658,1.95126380285766,"repression"
"AT1G77200","AP2/ERF-ERF","AT1G56350",0,1,0,0,0,0,0.951121213519147,1.95112121351915,"activation"
"AT1G77200","AP2/ERF-ERF","AT4G37740",0,1,0,0,0,0,0.951003787005079,1.95100378700508,"activation"
"AT1G77200","AP2/ERF-ERF","AT5G55280",0,1,0,0,0,0,0.950995399396931,1.95099539939693,"activation"
"AT3G16280","AP2/ERF-ERF","AT5G16560",0,1,0,0,0,0,0.950949267552119,1.95094926755212,"activation"
"AT5G54230","MYB","AT1G22710",0,1,0,0,0,0,0.950584406597693,1.95058440659769,"activation"
"AT3G16280","AP2/ERF-ERF","AT3G13360",0,1,0,0,0,0,0.95053827475288,1.95053827475288,"activation"
"AT1G77200","AP2/ERF-ERF","AT5G57090",0,1,0,0,0,0,0.950508918124363,1.95050891812436,"activation"
"AT3G16280","AP2/ERF-ERF","AT5G16080",0,1,0,0,0,0,0.950454398671403,1.9504543986714,"activation"
"AT1G77200","AP2/ERF-ERF","AT3G18035",0,1,0,0,0,0,0.950441817259181,1.95044181725918,"activation"
"AT3G16280","AP2/ERF-ERF","AT1G54030",0,1,0,0,0,0,0.950412460630664,1.95041246063066,"repression"
"AT3G16280","AP2/ERF-ERF","AT3G16770",0,1,0,0,0,0,0.950404073022517,1.95040407302252,"repression"
"AT5G54230","MYB","AT2G40070",0,1,0,0,0,0,0.950395685414369,1.95039568541437,"activation"
"AT1G77200","AP2/ERF-ERF","AT1G66460",0,1,0,0,0,0,0.950232127055488,1.95023212705549,"activation"
"AT3G16280","AP2/ERF-ERF","AT3G46570",0,1,0,0,0,0,0.950227933251414,1.95022793325141,"activation"
"AT3G16280","AP2/ERF-ERF","AT5G40780",0,1,0,0,0,0,0.950219545643267,1.95021954564327,"activation"
"AT5G54230","MYB","AT3G10260",0,1,0,0,0,0,0.950194382818824,1.95019438281882,"activation"
"AT5G54230","MYB","AT4G39400",0,1,0,0,0,0,0.950185995210676,1.95018599521068,"repression"
"AT3G16280","AP2/ERF-ERF","AT1G16080",0,1,0,0,0,0,0.950181801406602,1.9501818014066,"activation"
"AT1G77200","AP2/ERF-ERF","AT1G60420",0,1,0,0,0,0,0.950135669561789,1.95013566956179,"repression"
"AT3G16280","AP2/ERF-ERF","AT2G46710",0,1,0,0,0,0,0.950106312933272,1.95010631293327,"activation"
"AT3G16280","AP2/ERF-ERF","AT3G54610",0,1,0,0,0,0,0.950072762500682,1.95007276250068,"activation"
"AT1G77200","AP2/ERF-ERF","AT3G56200",0,1,0,0,0,0,0.950068568696608,1.95006856869661,"repression"
"AT3G16280","AP2/ERF-ERF","AT2G44810",0,1,0,0,0,0,0.950055987284386,1.95005598728439,"repression"
